{
  "Alofi UTC-11": "Pacific/Niue",
  "Taiohae UTC-9.5": "Pacific/Marquesas",
  "Anchorage UTC-9": "US/Alaska",
  "Vancouver UTC-8": "Canada/Pacific",
  "Inuvik UTC-7": "America/Inuvik",
  "Swift Current UTC-6": "America/Swift_Current",
  "Marengo, Indiana UTC-5": "America/Indiana/Marengo",
  "Boa Vista UTC-4": "America/Boa_Vista",
  "St. John's UTC-3.5": "America/St_Johns",
  "Cayenne UTC-3": "America/Cayenne",
  "Fernando de Noronha UTC-2": "Brazil/DeNoronha",
  "GMT+1 UTC-1": "Etc/GMT+1",
  "London UTC+0": "Europe/London",
  "Prague UTC+1": "Europe/Prague",
  "Nicosia UTC+2": "Asia/Nicosia",
  "Moscow UTC+3": "Europe/Volgograd",
  "Tehran UTC+3.5": "Iran",
  "Astrakhan UTC+4": "Europe/Astrakhan",
  "Kabul UTC+4.5": "Asia/Kabul",
  "Kolkata UTC+5.5": "Asia/Kolkata",
  "Kathmandu UTC+5.75": "Asia/Kathmandu",
  "Dhaka UTC+6": "Asia/Dacca",
  "West Island UTC+6.5": "Indian/Cocos",
  "Krasnoyarsk UTC+7": "Asia/Krasnoyarsk",
  "Singapore UTC+8": "Asia/Singapore",
  "Eucla UTC+8.75": "Australia/Eucla",
  "Yakutsk UTC+9": "Asia/Yakutsk",
  "Darwin UTC+9.5": "Australia/Darwin",
  "Weno UTC+10": "Pacific/Chuuk",
  "Broken Hill UTC+10.5": "Australia/Broken_Hill",
  "Lord Howe Island UTC+11": "Australia/LHI",
  "Majuro UTC+12": "Pacific/Majuro",
  "GMT-13 UTC+13": "Etc/GMT-13",
  "Chatham Islands UTC+13.75": "NZ-CHAT",
  "GMT-14 UTC+14": "Etc/GMT-14"
}